<?xml version="1.0" encoding="UTF-8"?>
<root>
  <item name="com.animator_abhi.recyclerviewcalendar.RecyclerCalendarView void alignFixedHeaderTextView(int) 0">
    <annotation name="android.support.annotation.IntDef">
      <val name="value" val="{com.animator_abhi.recyclerviewcalendar.RecyclerCalendarView.TEXT_ALIGNMENT_CENTER, com.animator_abhi.recyclerviewcalendar.RecyclerCalendarView.TEXT_ALIGNMENT_TEXT_START, com.animator_abhi.recyclerviewcalendar.RecyclerCalendarView.TEXT_ALIGNMENT_TEXT_END}" />
    </annotation>
  </item>
  <item name="com.animator_abhi.recyclerviewcalendar.RecyclerCalendarView void setMonthTextAlignment(int) 0">
    <annotation name="android.support.annotation.IntDef">
      <val name="value" val="{com.animator_abhi.recyclerviewcalendar.RecyclerCalendarView.TEXT_ALIGNMENT_CENTER, com.animator_abhi.recyclerviewcalendar.RecyclerCalendarView.TEXT_ALIGNMENT_TEXT_START, com.animator_abhi.recyclerviewcalendar.RecyclerCalendarView.TEXT_ALIGNMENT_TEXT_END}" />
    </annotation>
  </item>
  <item name="com.animator_abhi.recyclerviewcalendar.RecyclerCalendarView void setPresetDecoratorItem(int) 0">
    <annotation name="android.support.annotation.IntDef">
      <val name="value" val="{com.animator_abhi.recyclerviewcalendar.RecyclerCalendarView.SIMPLE_DECORATOR, com.animator_abhi.recyclerviewcalendar.RecyclerCalendarView.SIMPLE_OUTLINE_DECORATOR, com.animator_abhi.recyclerviewcalendar.RecyclerCalendarView.DESIGNER_DECORATOR}" />
    </annotation>
  </item>
  <item name="com.animator_abhi.recyclerviewcalendar.RecyclerCalendarView.DayDecorator">
    <annotation name="android.support.annotation.IntDef">
      <val name="value" val="{com.animator_abhi.recyclerviewcalendar.RecyclerCalendarView.SIMPLE_DECORATOR, com.animator_abhi.recyclerviewcalendar.RecyclerCalendarView.SIMPLE_OUTLINE_DECORATOR, com.animator_abhi.recyclerviewcalendar.RecyclerCalendarView.DESIGNER_DECORATOR}" />
    </annotation>
  </item>
  <item name="com.animator_abhi.recyclerviewcalendar.RecyclerCalendarView.TextAlignment">
    <annotation name="android.support.annotation.IntDef">
      <val name="value" val="{com.animator_abhi.recyclerviewcalendar.RecyclerCalendarView.TEXT_ALIGNMENT_CENTER, com.animator_abhi.recyclerviewcalendar.RecyclerCalendarView.TEXT_ALIGNMENT_TEXT_START, com.animator_abhi.recyclerviewcalendar.RecyclerCalendarView.TEXT_ALIGNMENT_TEXT_END}" />
    </annotation>
  </item>
</root>

